-- Sample seed data for the AI Oil & Gas Conference (event date: 2026-05-09).
-- Run AFTER the initial schema migration.

insert into public.speakers (id, full_name, bio, institution, specialty, linkedin_url) values
  ('11111111-1111-1111-1111-111111111111',
   'Dr. Edmilson Praia',
   'Investigador em IA aplicada a reservatórios de petróleo. Foco em modelos preditivos para caracterização sísmica.',
   'Huawei / Universidade parceira',
   'AI aplicada a reservatórios',
   null),
  ('22222222-2222-2222-2222-222222222222',
   'Dra. Ana Mendonça',
   'Geocientista sénior, especialista em interpretação sísmica assistida por deep learning.',
   'Petro Research Institute',
   'Geociência computacional',
   null),
  ('33333333-3333-3333-3333-333333333333',
   'Eng. Tomás Lima',
   'Engenheiro de produção com 15 anos de experiência em otimização de poços e digital twins.',
   'OffshoreOps',
   'Digital twins / otimização',
   null);

insert into public.sessions (id, title, description, type, starts_at, ends_at, location) values
  ('aaaaaaaa-aaaa-aaaa-aaaa-aaaaaaaaaaa1',
   'Abertura — IA no Oil & Gas',
   'Sessão de boas-vindas e enquadramento estratégico da Huawei para IA no setor.',
   'keynote',
   '2026-05-09 09:00:00+00', '2026-05-09 09:30:00+00',
   'Auditório Principal'),
  ('aaaaaaaa-aaaa-aaaa-aaaa-aaaaaaaaaaa2',
   'Modelos preditivos para caracterização de reservatórios',
   'Estado da arte em AI para inferência de propriedades petrofísicas a partir de dados sísmicos.',
   'talk',
   '2026-05-09 09:45:00+00', '2026-05-09 10:30:00+00',
   'Auditório Principal'),
  ('aaaaaaaa-aaaa-aaaa-aaaa-aaaaaaaaaaa3',
   'Coffee break & networking',
   null,
   'break',
   '2026-05-09 10:30:00+00', '2026-05-09 11:00:00+00',
   'Foyer'),
  ('aaaaaaaa-aaaa-aaaa-aaaa-aaaaaaaaaaa4',
   'Painel: Digital twins na produção offshore',
   'Como modelos físicos + ML estão a transformar a operação de plataformas.',
   'panel',
   '2026-05-09 11:00:00+00', '2026-05-09 12:15:00+00',
   'Sala A'),
  ('aaaaaaaa-aaaa-aaaa-aaaa-aaaaaaaaaaa5',
   'Almoço & networking dirigido',
   'Mesas temáticas por área (Geociência, Engenharia, Data Science).',
   'networking',
   '2026-05-09 12:15:00+00', '2026-05-09 14:00:00+00',
   'Restaurante do evento'),
  ('aaaaaaaa-aaaa-aaaa-aaaa-aaaaaaaaaaa6',
   'Encerramento e próximos passos',
   'Conclusões e roadmap para colaboração.',
   'keynote',
   '2026-05-09 17:30:00+00', '2026-05-09 18:00:00+00',
   'Auditório Principal');

insert into public.session_speakers (session_id, speaker_id, role) values
  ('aaaaaaaa-aaaa-aaaa-aaaa-aaaaaaaaaaa1', '11111111-1111-1111-1111-111111111111', 'speaker'),
  ('aaaaaaaa-aaaa-aaaa-aaaa-aaaaaaaaaaa2', '11111111-1111-1111-1111-111111111111', 'speaker'),
  ('aaaaaaaa-aaaa-aaaa-aaaa-aaaaaaaaaaa4', '22222222-2222-2222-2222-222222222222', 'moderator'),
  ('aaaaaaaa-aaaa-aaaa-aaaa-aaaaaaaaaaa4', '33333333-3333-3333-3333-333333333333', 'speaker'),
  ('aaaaaaaa-aaaa-aaaa-aaaa-aaaaaaaaaaa6', '11111111-1111-1111-1111-111111111111', 'speaker');
